날짜,종목명,등락률,최근2주출현,연속출현,전고점상태,돌파유지일,최근1주출현
2026.05.29,LG전자,29.93,4,2,🚀 돌파,,
2026.05.29,LG씨엔에스,29.91,5,2,🚀 돌파,,
2026.05.29,LG이노텍,28.57,8,2,🚀 돌파,,
2026.05.29,LG,26.6,4,2,🚀 돌파,,
2026.05.29,현대오토에버,24.8,5,2,🚀 돌파,,
2026.05.29,삼성에스디에스,20.32,6,2,🚀 돌파,,
2026.05.29,두산,18.8,3,2,🚀 돌파,,
2026.05.29,대덕전자,15.84,7,2,🚀 돌파,,
2026.05.29,삼성전기,15.04,9,2,🚀 돌파,,
2026.05.29,NAVER,14.15,5,2,-18.5%,,
2026.05.29,현대모비스,11.95,7,2,🚀 돌파,,
2026.05.29,LG디스플레이,11.58,5,2,🚀 돌파,,
2026.05.29,삼성생명,8.67,8,2,🚀 돌파,,
2026.05.29,삼성물산,8.26,4,2,-4.3%,,
2026.05.29,현대차,6.79,4,2,🚀 돌파,,
2026.05.29,LG화학,6.53,4,2,-14.6%,,
2026.05.29,삼성전자우,6.08,4,2,🚀 돌파,,
2026.05.29,한국타이어앤테크놀로지,6.03,5,2,-12.0%,,
2026.05.29,삼성전자,5.84,6,2,🚀 돌파,,
2026.05.29,카카오뱅크,4.67,4,2,-22.0%,,
2026.05.29,카카오,4.61,3,2,-34.2%,,
2026.05.29,삼성E&A,4.13,3,2,-17.9%,,
2026.05.29,현대글로비스,4.08,4,2,-16.5%,,
2026.05.29,현대건설,3.96,2,2,-22.1%,,
2026.05.29,SK텔레콤,3.82,4,2,-4.9%,,
2026.05.29,LG에너지솔루션,3.62,4,2,-5.5%,,
2026.06.01,두산로보틱스,29.95,3,1,🚀 돌파,,
2026.06.01,LG전자,29.86,4,2,🚀 돌파,,
2026.06.01,LG씨엔에스,26.27,5,2,🚀 돌파,,
2026.06.01,삼성에스디에스,21.07,6,2,🚀 돌파,,
2026.06.01,NAVER,16.03,5,2,-5.4%,,
2026.06.01,LG,13.1,4,2,🚀 돌파,,
2026.06.01,삼성전자우,13.09,5,2,🚀 돌파,,
2026.06.01,두산,11.71,3,2,🚀 돌파,,
2026.06.01,SK텔레콤,11.53,4,2,🚀 돌파,,
2026.06.01,LS ELECTRIC,10.56,3,1,-69.9%,,
2026.06.01,삼성전자,10.09,7,2,🚀 돌파,,
2026.06.01,현대차2우B,8.64,2,1,-8.7%,,
2026.06.01,이수페타시스,7.89,4,1,-13.6%,,
2026.06.01,에이피알,7.84,3,1,-7.1%,,
2026.06.01,현대로템,6.23,5,1,-20.8%,,
2026.06.01,삼성화재,6.15,3,1,🔥 근접(-2.3%),,
2026.06.01,삼성생명,5.53,8,2,🚀 돌파,,
2026.06.01,삼성물산,5.2,5,2,🚀 돌파,,
2026.06.01,LG이노텍,4.94,8,2,🚀 돌파,,
2026.06.01,대한전선,4.73,1,1,-34.2%,,
2026.06.01,LS,4.48,4,1,-15.7%,,
2026.06.01,HD현대마린솔루션,4.02,6,1,-16.9%,,
2026.06.01,삼성증권,3.92,3,1,-16.7%,,
2026.06.01,한미반도체,3.9,4,1,-28.4%,,
2026.06.01,현대차,3.73,4,2,🚀 돌파,,
2026.06.02,두산로보틱스,20.45,4,3,🚀 +0.0%,2일,3.0
2026.06.02,삼성생명,17.07,8,4,🚀 +0.0%,3일,4.0
2026.06.02,NC,14.38,4,2,🚀 +0.0%,4일,2.0
2026.06.02,SK텔레콤,11.59,5,4,🚀 +0.0%,2일,3.0
2026.06.02,SK스퀘어,7.17,5,2,🚀 +0.0%,1일,2.0
2026.06.02,삼성물산,6.7,5,4,🚀 +0.0%,2일,3.0
2026.06.02,삼성화재,6.13,4,3,🚀 +0.0%,1일,2.0
2026.06.02,LG디스플레이,5.63,6,2,🚀 +0.0%,1일,3.0
2026.06.02,신한지주,4.1,4,2,-9.1%,-,1.0
2026.06.02,S-Oil,3.44,4,2,-23.4%,-,1.0
2026.06.02,NAVER,3.31,6,4,🔥 -2.3%,-,4.0
2026.06.02,삼성전자,3.3,7,4,🚀 +0.0%,3일,4.0
2026.06.02,DB손해보험,3.19,2,2,-29.2%,-,1.0
2026.06.02,LG전자,3.15,5,4,🚀 +0.0%,3일,3.0
2026.06.02,KB금융,2.96,4,2,-7.2%,-,1.0
2026.06.02,한진칼,2.79,2,2,-33.9%,-,1.0
2026.06.02,하나금융지주,2.72,4,2,-10.9%,-,1.0
2026.06.02,우리금융지주,1.7,4,2,-26.7%,-,1.0
2026.06.02,SK,1.67,6,2,🔥 -1.8%,-,2.0
2026.06.02,한국타이어앤테크놀로지,1.6,5,2,-8.0%,-,3.0
2026.06.02,기업은행,1.5,4,2,-28.7%,-,2.0
2026.06.02,KT,1.32,3,2,-21.8%,-,1.0
2026.06.02,삼성전자우,1.09,5,4,🚀 +0.0%,3일,4.0
2026.06.02,크래프톤,1.0,4,2,-14.1%,-,2.0
2026.06.02,삼성중공업,0.54,3,2,-19.5%,-,1.0
2026.06.04,삼성화재,13.88,4,3,🚀 +0.0%,2일,3.0
2026.06.04,한미반도체,10.34,5,1,-25.8%,-,2.0
2026.06.04,삼성물산,10.2,6,4,🚀 +0.0%,3일,4.0
2026.06.04,한화,9.5,5,1,-13.7%,-,1.0
2026.06.04,S-Oil,5.72,4,2,-19.0%,-,2.0
2026.06.04,한진칼,5.42,2,2,-30.3%,-,2.0
2026.06.04,삼성증권,5.31,4,1,-15.1%,-,2.0
2026.06.04,KB금융,4.85,4,2,🔥 -2.7%,-,2.0
2026.06.04,신한지주,3.84,4,2,-5.6%,-,2.0
2026.06.04,한국금융지주,3.73,3,1,-14.4%,-,1.0
2026.06.04,DB하이텍,3.7,4,1,-20.0%,-,1.0
2026.06.04,NH투자증권,3.1,2,1,-19.4%,-,1.0
2026.06.04,하나금융지주,3.08,4,2,-8.1%,-,2.0
2026.06.04,한국타이어앤테크놀로지,2.87,5,2,-5.4%,-,4.0
2026.06.04,삼성중공업,2.53,4,2,-17.4%,-,2.0
2026.06.04,한국전력,2.52,2,1,-43.0%,-,1.0
2026.06.04,카카오뱅크,2.5,3,1,-21.4%,-,2.0
2026.06.04,LS,2.35,3,1,-21.2%,-,2.0
2026.06.04,키움증권,2.2,2,1,-24.9%,-,1.0
2026.06.04,현대건설,1.79,3,1,-27.6%,-,2.0
2026.06.04,우리금융지주,1.67,4,2,-25.5%,-,2.0
2026.06.04,HD현대,1.27,3,1,-9.8%,-,1.0
2026.06.04,SK스퀘어,1.11,6,2,🚀 +0.0%,2일,2.0
2026.06.04,KT,1.11,3,2,-20.9%,-,2.0
2026.06.04,에이피알,1.0,3,1,-11.8%,-,3.0
2026.06.04,크래프톤,0.99,4,2,-13.3%,-,3.0
2026.06.04,LIG디펜스앤에어로스페이스,0.96,2,1,-28.1%,-,1.0
2026.06.04,대덕전자,0.95,6,1,-16.7%,-,3.0
2026.06.04,미래에셋증권,0.87,2,1,-30.4%,-,1.0
2026.06.04,삼성SDI,0.83,3,1,-14.7%,-,2.0
2026.06.04,POSCO홀딩스,0.75,2,1,-24.9%,-,1.0
2026.06.04,기업은행,0.74,4,2,-28.2%,-,3.0
2026.06.04,하이브,0.7,2,1,-46.8%,-,1.0
2026.06.04,대우건설,0.66,3,1,-38.2%,-,1.0
2026.06.04,HD건설기계,0.61,3,1,-24.9%,-,2.0
2026.06.04,HMM,0.56,3,1,-19.9%,-,1.0
2026.06.04,포스코인터내셔널,0.5,2,1,-31.0%,-,1.0
2026.06.04,SK이노베이션,0.43,3,1,-22.0%,-,2.0
2026.06.04,삼성E&A,0.41,3,1,-23.1%,-,2.0
2026.06.04,HD현대일렉트릭,0.4,2,1,-29.6%,-,1.0
2026.06.04,메리츠금융지주,0.38,2,1,-27.2%,-,1.0
2026.06.04,SK,0.0,6,2,🔥 -1.8%,-,2.0
2026.06.04,한화에어로스페이스,-0.19,2,1,-30.5%,-,1.0
2026.06.04,대한전선,-0.35,2,1,-41.4%,-,2.0
2026.06.04,포스코퓨처엠,-0.45,3,1,-25.2%,-,2.0
2026.06.04,고려아연,-0.45,2,1,-37.8%,-,1.0
2026.06.04,DB손해보험,-0.55,2,2,-29.6%,-,2.0
2026.06.04,한화오션,-0.78,3,1,-23.2%,-,1.0
2026.06.04,두산에너빌리티,-0.8,2,1,-27.3%,-,1.0
2026.06.04,LS ELECTRIC,-0.83,4,1,-73.0%,-,2.0
2026.06.04,LG화학,-0.85,4,1,-18.0%,-,3.0
2026.06.04,대한항공,-0.99,3,1,-13.5%,-,2.0
2026.06.04,HD한국조선해양,-1.04,4,1,-20.8%,-,1.0
2026.06.04,삼성바이오로직스,-1.24,3,1,-31.3%,-,1.0
2026.06.04,카카오,-1.29,2,1,-34.2%,-,2.0
2026.06.04,한화시스템,-1.33,3,1,-40.9%,-,1.0
2026.06.04,현대모비스,-1.45,7,1,🔥 -2.6%,-,3.0
2026.06.04,셀트리온,-1.45,1,1,-29.0%,-,0.0
2026.06.04,효성중공업,-1.58,4,1,-24.2%,-,1.0
2026.06.04,삼성에피스홀딩스,-1.62,2,1,-34.5%,-,1.0
2026.06.05,신한지주,7.39,4,3,🚀 +0.0%,1일,3.0
2026.06.05,KB금융,4.51,4,3,🚀 +0.0%,1일,3.0
2026.06.05,우리금융지주,2.63,4,3,-23.5%,-,3.0
2026.06.05,하나금융지주,2.49,4,3,-5.9%,-,3.0
2026.06.05,삼성전기,2.39,7,1,-17.4%,-,2.0
2026.06.05,카카오뱅크,2.22,4,2,-19.7%,-,3.0
2026.06.05,HD현대중공업,2.0,3,1,-10.9%,-,1.0
2026.06.05,KT&G,1.99,3,1,-5.1%,-,1.0
2026.06.05,크래프톤,1.18,5,3,-12.3%,-,3.0
2026.06.05,HD현대마린솔루션,0.91,4,1,-20.9%,-,2.0
2026.06.05,메리츠금융지주,0.75,2,2,-26.6%,-,2.0
2026.06.05,기업은행,0.73,5,3,-27.7%,-,3.0
2026.06.05,삼양식품,0.54,1,1,-22.4%,-,1.0
2026.06.05,NH투자증권,0.47,3,2,-19.0%,-,2.0
2026.06.05,현대차,0.0,5,1,-6.7%,-,3.0
2026.06.05,HD한국조선해양,-0.13,4,2,-20.9%,-,2.0
2026.06.05,현대오토에버,-0.36,4,1,-10.9%,-,2.0
2026.06.05,대한항공,-0.6,4,2,-14.0%,-,2.0
2026.06.05,HD건설기계,-0.67,4,2,-25.4%,-,3.0
2026.06.05,현대로템,-0.67,5,1,-28.8%,-,2.0
2026.06.05,삼성바이오로직스,-0.74,3,2,-31.8%,-,2.0
2026.06.05,LG화학,-0.85,5,2,-18.7%,-,3.0
2026.06.05,HMM,-0.87,3,2,-20.6%,-,2.0
2026.06.05,KT,-0.92,3,3,-21.6%,-,3.0
2026.06.05,현대글로비스,-0.95,5,1,-27.9%,-,2.0
2026.06.05,LIG디펜스앤에어로스페이스,-0.95,3,2,-28.8%,-,2.0
2026.06.05,LG이노텍,-1.11,7,1,-24.2%,-,3.0
2026.06.05,DB하이텍,-1.47,4,2,-21.2%,-,2.0
2026.06.05,S-Oil,-1.48,4,3,-20.2%,-,3.0
2026.06.05,한국전력,-1.55,3,2,-43.9%,-,2.0
2026.06.05,한화시스템,-1.56,4,2,-41.9%,-,2.0
2026.06.05,DB손해보험,-1.59,3,3,-30.7%,-,3.0
2026.06.05,한국금융지주,-1.6,3,2,-15.7%,-,2.0
2026.06.05,SK이노베이션,-1.63,4,2,-23.3%,-,2.0
2026.06.05,한국항공우주,-1.77,3,1,-31.2%,-,1.0
2026.06.05,한화에어로스페이스,-1.78,3,2,-31.8%,-,2.0
2026.06.05,LG에너지솔루션,-1.9,3,1,-14.6%,-,2.0
2026.06.05,기아,-1.95,3,1,-21.8%,-,1.0
2026.06.05,키움증권,-2.15,3,2,-26.5%,-,2.0
2026.06.05,현대차2우B,-2.26,3,1,-19.6%,-,2.0
2026.06.05,삼성중공업,-2.29,5,3,-19.3%,-,3.0
2026.06.05,SK텔레콤,-2.3,4,1,-15.0%,-,4.0
2026.06.05,삼성E&A,-2.32,4,2,-24.9%,-,3.0
2026.06.05,한화오션,-2.52,4,2,-25.2%,-,2.0
2026.06.05,하이브,-2.56,3,2,-48.2%,-,2.0
2026.06.05,SK바이오팜,-2.65,3,1,-29.6%,-,2.0
2026.06.05,삼성에피스홀딩스,-2.74,3,2,-36.3%,-,2.0
2026.06.05,포스코인터내셔널,-2.82,3,2,-33.0%,-,2.0
2026.06.05,삼성증권,-2.83,5,2,-17.5%,-,3.0
2026.06.05,셀트리온,-2.89,2,2,-31.0%,-,1.0
2026.06.05,POSCO홀딩스,-2.99,3,2,-27.1%,-,2.0
2026.06.05,HD현대,-3.04,4,2,-12.6%,-,2.0
2026.06.05,효성중공업,-3.1,4,2,-26.5%,-,2.0
2026.06.05,미래에셋증권,-3.26,3,2,-32.7%,-,2.0
2026.06.05,두산,-3.33,4,1,-21.0%,-,3.0
2026.06.05,현대건설,-3.44,4,2,-30.1%,-,3.0
2026.06.05,두산에너빌리티,-3.63,3,2,-29.9%,-,2.0
2026.06.05,한화,-3.76,5,2,-17.0%,-,2.0
2026.06.05,고려아연,-3.88,3,2,-40.2%,-,2.0
2026.06.05,에이피알,-3.95,4,2,-15.3%,-,3.0
2026.06.05,삼성전자우,-4.09,5,1,-8.9%,-,4.0
2026.06.05,대덕전자,-4.15,7,2,-20.2%,-,3.0
2026.06.05,카카오,-4.17,3,2,-35.4%,-,3.0
2026.06.05,HD현대일렉트릭,-4.3,3,2,-32.7%,-,2.0
2026.06.05,NAVER,-4.49,6,1,-11.0%,-,4.0
2026.06.05,한진칼,-4.56,3,3,-33.5%,-,3.0
2026.06.05,삼성화재,-4.79,5,4,-4.8%,-,4.0
2026.06.05,LS ELECTRIC,-5.22,5,2,-74.4%,-,3.0
2026.06.05,대우건설,-5.23,4,2,-41.5%,-,2.0
2026.06.05,LG,-5.39,5,1,-25.9%,-,3.0
2026.06.05,한국타이어앤테크놀로지,-5.43,6,3,-10.5%,-,4.0
2026.06.08,NAVER,9.2,7,2,🔥 -2.8%,-,4.0
2026.06.08,LG유플러스,2.61,5,1,-11.7%,-,2.0
2026.06.08,SK텔레콤,0.28,5,2,-14.8%,-,4.0
2026.06.08,KT,-0.19,4,4,-21.8%,-,4.0
2026.06.08,KT&G,-1.17,4,2,-6.2%,-,2.0
2026.06.08,카카오뱅크,-1.3,5,3,-20.7%,-,3.0
2026.06.08,한국타이어앤테크놀로지,-1.33,7,4,-11.7%,-,4.0
2026.06.08,기업은행,-1.94,6,4,-29.1%,-,4.0
2026.06.08,산일전기,-3.39,4,1,-36.0%,-,3.0
2026.06.08,삼성화재,-3.6,6,5,-8.2%,-,5.0
2026.06.08,S-Oil,-3.81,5,4,-23.2%,-,4.0
2026.06.08,카카오,-4.1,4,3,-38.0%,-,3.0
2026.06.08,한화에어로스페이스,-4.1,4,3,-34.5%,-,3.0
2026.06.08,HMM,-4.11,4,3,-23.9%,-,3.0
2026.06.08,LIG디펜스앤에어로스페이스,-4.13,4,3,-31.8%,-,3.0
2026.06.08,메리츠금융지주,-4.19,3,3,-29.7%,-,3.0
2026.06.08,DB손해보험,-4.35,4,4,-33.7%,-,4.0
2026.06.08,대한항공,-4.42,5,3,-17.8%,-,3.0
2026.06.08,삼양식품,-4.55,2,2,-26.0%,-,2.0
2026.06.08,크래프톤,-5.05,6,4,-16.7%,-,4.0
2026.06.08,삼성전기,-5.29,7,2,-21.8%,-,2.0
2026.06.08,HD한국조선해양,-5.41,5,3,-25.2%,-,3.0
2026.06.08,효성중공업,-5.44,4,3,-30.5%,-,3.0
2026.06.08,한국전력,-5.51,4,3,-47.0%,-,3.0
2026.06.08,LG이노텍,-5.6,7,2,-28.4%,-,3.0
2026.06.08,하이브,-5.78,4,3,-51.2%,-,3.0
2026.06.08,에이피알,-5.91,5,3,-20.3%,-,4.0
2026.06.08,삼성중공업,-5.95,6,4,-24.1%,-,4.0
2026.06.08,기아,-6.02,3,2,-26.5%,-,2.0
2026.06.08,LG에너지솔루션,-6.16,4,2,-19.8%,-,2.0
2026.06.08,대우건설,-6.21,5,3,-45.1%,-,3.0
2026.06.08,포스코인터내셔널,-6.32,4,3,-37.2%,-,3.0
2026.06.08,HD현대중공업,-6.48,4,2,-16.6%,-,2.0
2026.06.08,HD현대마린솔루션,-6.53,5,2,-26.0%,-,3.0
2026.06.08,삼성에스디에스,-6.53,6,1,-34.8%,-,2.0
2026.06.08,대한전선,-6.76,3,1,-48.5%,-,3.0
2026.06.08,셀트리온,-7.0,3,3,-35.9%,-,2.0
2026.06.08,HD현대일렉트릭,-7.01,4,3,-37.4%,-,3.0
2026.06.08,NH투자증권,-7.24,4,3,-24.9%,-,3.0
2026.06.08,삼성바이오로직스,-7.24,4,3,-36.7%,-,3.0
2026.06.08,LG,-7.32,5,2,-31.3%,-,3.0
2026.06.08,우리금융지주,-7.53,5,4,-29.3%,-,4.0
2026.06.08,SK하이닉스,-7.68,4,1,-19.1%,-,1.0
2026.06.08,현대차2우B,-7.69,4,2,-25.8%,-,3.0
2026.06.08,LG디스플레이,-7.82,6,1,-16.0%,-,2.0
2026.06.08,POSCO홀딩스,-7.95,4,3,-32.9%,-,3.0
2026.06.08,LG화학,-8.02,6,3,-25.3%,-,3.0
2026.06.08,삼성E&A,-8.07,5,3,-31.0%,-,3.0
2026.06.08,한화오션,-8.11,5,3,-31.2%,-,3.0
2026.06.09,삼성전기,18.39,7,4,-7.4%,-,3.0
2026.06.09,SK하이닉스,15.91,5,3,-6.3%,-,2.0
2026.06.09,SK스퀘어,13.51,4,2,-6.8%,-,3.0
2026.06.09,SK바이오팜,11.53,4,2,-26.5%,-,4.0
2026.06.09,에이피알,10.66,6,5,-11.8%,-,4.0
2026.06.09,이수페타시스,9.56,3,2,-28.3%,-,1.0
2026.06.09,한진칼,9.26,4,2,-33.9%,-,4.0
2026.06.09,대덕전자,9.23,6,2,-20.1%,-,3.0
2026.06.09,한미반도체,9.07,4,2,-32.5%,-,2.0
2026.06.09,삼성전자,8.97,5,2,-10.7%,-,2.0
2026.06.09,한국타이어앤테크놀로지,8.96,7,6,-3.8%,-,5.0
2026.06.09,기아,8.52,4,4,-20.2%,-,3.0
2026.06.09,효성중공업,8.48,4,5,-24.6%,-,4.0
2026.06.09,HD건설기계,8.36,4,2,-27.4%,-,4.0
2026.06.10,HD현대마린솔루션,9.05,4,1,-18.4%,-,3.0
2026.06.10,LIG디펜스앤에어로스페이스,8.97,4,1,-22.5%,-,4.0
2026.06.10,한화오션,7.83,4,1,-26.5%,-,4.0
2026.06.10,한국항공우주,7.75,3,1,-31.9%,-,2.0
2026.06.10,LS ELECTRIC,7.52,4,1,-73.4%,-,3.0
2026.06.10,현대건설,6.54,4,1,-30.9%,-,3.0
2026.06.10,HD한국조선해양,6.34,4,1,-19.5%,-,4.0
2026.06.10,한화시스템,5.77,3,1,-43.7%,-,3.0
2026.06.10,HD현대중공업,4.74,3,1,-14.0%,-,3.0
2026.06.10,현대로템,4.7,4,1,-29.6%,-,2.0
2026.06.10,HD현대일렉트릭,4.45,4,1,-30.6%,-,4.0
2026.06.10,KT,3.9,5,1,-18.9%,-,4.0
2026.06.10,포스코인터내셔널,3.55,4,1,-33.2%,-,4.0
2026.06.10,한화,2.94,3,1,-21.0%,-,3.0
2026.06.10,대한항공,2.41,5,1,-12.1%,-,4.0
2026.06.10,삼양식품,2.34,3,1,-21.3%,-,3.0
2026.06.10,삼성E&A,1.83,5,1,-26.6%,-,4.0
2026.06.10,기업은행,1.7,6,1,-26.8%,-,4.0
2026.06.10,한화에어로스페이스,1.48,4,1,-32.9%,-,4.0
2026.06.10,카카오뱅크,1.43,5,1,-13.8%,-,4.0
2026.06.10,에이피알,1.36,7,5,-10.6%,-,5.0
2026.06.10,두산,1.15,4,1,-28.1%,-,2.0
2026.06.10,한진칼,1.05,5,2,-33.2%,-,4.0
2026.06.10,한국전력,0.83,4,1,-46.4%,-,4.0
2026.06.10,LS,0.65,3,1,-29.5%,-,2.0
2026.06.10,HD현대,0.62,3,1,-21.9%,-,3.0
2026.06.10,삼성중공업,0.58,5,1,-24.4%,-,4.0
2026.06.10,KT&G,0.43,4,1,🔥 -2.1%,-,3.0
2026.06.10,HD건설기계,0.21,5,2,-27.2%,-,4.0
2026.06.10,삼성바이오로직스,0.15,4,1,-33.9%,-,4.0
2026.06.10,S-Oil,-0.09,5,1,-21.6%,-,4.0
2026.06.10,POSCO홀딩스,-0.41,4,1,-32.1%,-,4.0
2026.06.10,삼성에피스홀딩스,-0.48,3,1,-38.8%,-,3.0
2026.06.10,KB금융,-0.52,4,1,-10.3%,-,3.0
2026.06.10,미래에셋증권,-0.58,3,1,-38.9%,-,3.0
2026.06.10,현대오토에버,-0.58,4,1,-27.2%,-,2.0
2026.06.10,우리금융지주,-0.67,5,1,-27.0%,-,4.0
2026.06.10,하이브,-0.73,4,1,-49.3%,-,4.0
2026.06.10,메리츠금융지주,-0.82,4,1,-26.0%,-,4.0
2026.06.10,효성중공업,-0.87,5,5,-25.3%,-,5.0
2026.06.10,DB손해보험,-0.9,5,1,-30.7%,-,4.0
2026.06.10,하나금융지주,-0.92,4,1,-10.2%,-,3.0
2026.06.10,한국금융지주,-1.08,3,1,-21.7%,-,3.0
2026.06.10,두산에너빌리티,-1.3,3,1,-33.2%,-,3.0
2026.06.10,현대글로비스,-1.41,4,1,-32.8%,-,2.0
2026.06.10,대우건설,-1.43,4,1,-44.1%,-,4.0
2026.06.10,셀트리온,-1.59,3,1,-32.7%,-,3.0
2026.06.10,GS,-1.63,4,1,-11.6%,-,4.0
2026.06.10,LG화학,-1.82,6,1,-24.8%,-,4.0
2026.06.10,SK이노베이션,-1.89,4,1,-30.8%,-,3.0
2026.06.10,고려아연,-2.15,3,1,-43.9%,-,3.0
2026.06.10,SK텔레콤,-2.22,6,1,-15.6%,-,3.0
2026.06.10,한미반도체,-2.35,4,2,-34.1%,-,3.0
2026.06.10,NH투자증권,-2.4,4,1,-22.2%,-,4.0
2026.06.10,이수페타시스,-2.42,3,2,-30.0%,-,2.0
2026.06.10,SK,-2.53,4,1,-14.9%,-,2.0
2026.06.10,대덕전자,-2.75,6,2,-22.3%,-,4.0
2026.06.10,LG에너지솔루션,-2.77,5,1,-20.4%,-,3.0
2026.06.10,포스코퓨처엠,-2.8,3,1,-36.6%,-,2.0
2026.06.10,기아,-2.8,5,4,-22.5%,-,4.0
2026.06.10,산일전기,-2.89,4,1,-34.5%,-,4.0
2026.06.10,신한지주,-2.96,4,1,-8.7%,-,3.0
2026.06.10,대한전선,-3.23,4,1,-48.2%,-,3.0
2026.06.10,한국타이어앤테크놀로지,-3.29,8,6,-7.0%,-,5.0
2026.06.10,HMM,-3.42,4,1,-25.0%,-,4.0
2026.06.10,카카오,-3.42,5,1,-38.8%,-,4.0
2026.06.10,LG,-3.46,5,1,-34.4%,-,3.0
2026.06.10,삼성SDI,-3.59,3,1,-30.3%,-,2.0
2026.06.10,현대차2우B,-3.84,4,1,-26.4%,-,3.0
2026.06.10,LG이노텍,-4.13,6,1,-28.8%,-,3.0
2026.06.10,현대모비스,-4.2,5,1,-25.8%,-,2.0
2026.06.10,키움증권,-4.2,3,1,-30.9%,-,3.0
2026.06.10,삼성증권,-4.51,4,1,-24.9%,-,3.0
2026.06.11,SKC,12.81,3,1,-19.6%,-,1.0
2026.06.11,이수페타시스,9.03,4,3,-23.7%,-,3.0
2026.06.11,한미반도체,7.78,5,3,-28.9%,-,3.0
2026.06.11,삼성화재,7.63,6,1,-9.2%,-,3.0
2026.06.11,KT,7.33,6,2,-12.9%,-,4.0
2026.06.11,HD현대마린솔루션,7.21,5,2,-12.5%,-,4.0
2026.06.11,하이브,6.34,5,2,-46.1%,-,4.0
2026.06.11,대덕전자,5.66,7,3,-17.9%,-,4.0
2026.06.11,HD현대일렉트릭,4.77,5,2,-27.3%,-,4.0
2026.06.11,현대오토에버,3.95,4,2,-24.3%,-,3.0
2026.06.11,SK스퀘어,3.8,4,1,-9.8%,-,2.0
2026.06.11,삼성에피스홀딩스,3.58,4,2,-36.6%,-,3.0
2026.06.11,삼양식품,3.52,4,2,-18.6%,-,4.0
2026.06.11,한국항공우주,3.13,4,2,-29.8%,-,3.0
2026.06.11,카카오,3.01,6,2,-36.9%,-,4.0
2026.06.11,SK하이닉스,2.59,4,1,-11.1%,-,3.0
2026.06.11,HMM,2.56,5,2,-23.1%,-,4.0
2026.06.11,두산로보틱스,2.53,4,1,-34.4%,-,1.0
2026.06.11,SK바이오팜,2.43,5,1,-27.7%,-,4.0
2026.06.11,한진칼,2.42,6,3,-31.6%,-,4.0
2026.06.11,두산,2.34,5,2,-26.4%,-,3.0
2026.06.11,NH투자증권,2.3,5,2,-20.4%,-,4.0
2026.06.11,S-Oil,2.08,6,2,-20.0%,-,4.0
2026.06.11,삼성에스디에스,2.0,4,1,-36.6%,-,2.0
2026.06.11,HD현대,1.24,4,2,-20.9%,-,3.0
2026.06.11,우리금융지주,1.17,6,2,-26.1%,-,4.0
2026.06.11,현대모비스,1.05,5,2,-25.0%,-,2.0
2026.06.11,삼성전자우,1.04,5,1,-16.4%,-,2.0
2026.06.11,DB하이텍,0.98,3,1,-29.6%,-,2.0
2026.06.11,LG전자,0.89,4,1,-42.4%,-,1.0
2026.06.11,HD현대중공업,0.78,4,2,-13.3%,-,4.0
2026.06.11,한국타이어앤테크놀로지,0.71,9,7,-6.3%,-,5.0
2026.06.11,삼성물산,0.61,5,1,-23.4%,-,1.0
2026.06.11,한국금융지주,0.44,4,2,-21.4%,-,3.0
2026.06.12,현대건설,28.36,5,1,-16.5%,-,2.0
2026.06.12,한미반도체,24.05,6,4,-11.8%,-,4.0
2026.06.12,두산,16.96,6,3,-13.9%,-,3.0
2026.06.12,DB하이텍,12.31,4,2,-21.0%,-,2.0
2026.06.12,현대로템,10.67,4,1,-22.5%,-,2.0
2026.06.12,SK스퀘어,10.59,5,2,🔥 -0.2%,-,3.0
2026.06.12,NAVER,10.27,6,1,-13.9%,-,2.0
2026.06.12,HD현대일렉트릭,9.39,6,3,-20.4%,-,4.0
2026.06.12,LG화학,9.0,6,1,-19.7%,-,3.0
2026.06.12,산일전기,8.69,5,1,-30.6%,-,3.0
2026.06.12,한화시스템,8.35,4,1,-41.0%,-,2.0
2026.06.12,삼성SDI,8.12,3,1,-24.3%,-,2.0
2026.06.12,포스코퓨처엠,7.96,3,1,-32.6%,-,2.0
2026.06.12,삼성전자,7.86,5,1,-10.5%,-,2.0
2026.06.12,한화오션,7.85,5,1,-24.8%,-,3.0
2026.06.12,대한항공,7.26,5,1,-8.1%,-,3.0
2026.06.12,삼성전자우,6.98,6,2,-10.6%,-,2.0
2026.06.12,기아,6.92,5,1,-19.0%,-,4.0
2026.06.12,대우건설,6.85,5,1,-41.2%,-,3.0
2026.06.12,현대글로비스,6.49,4,1,-28.2%,-,2.0
2026.06.12,키움증권,6.44,4,1,-26.6%,-,2.0
2026.06.12,KB금융,6.4,5,1,-6.1%,-,2.0
2026.06.12,HMM,6.37,6,3,-18.2%,-,4.0
2026.06.12,삼성중공업,6.32,6,1,-21.8%,-,3.0
2026.06.12,한화에어로스페이스,6.31,5,1,-29.9%,-,3.0
2026.06.12,삼성증권,6.26,5,1,-20.5%,-,2.0
2026.06.12,HD한국조선해양,5.99,5,1,-16.9%,-,3.0
2026.06.12,DB손해보험,5.86,6,1,-27.9%,-,3.0
2026.06.12,삼성생명,5.62,4,1,-19.7%,-,1.0
2026.06.12,카카오,5.6,7,3,-33.4%,-,4.0
2026.06.12,하나금융지주,5.4,5,1,-7.8%,-,2.0
2026.06.12,현대모비스,5.38,5,3,-21.0%,-,3.0
2026.06.12,삼성물산,5.37,6,2,-19.3%,-,2.0
2026.06.12,대덕전자,5.36,7,4,-13.5%,-,4.0
2026.06.12,POSCO홀딩스,5.31,5,1,-29.5%,-,3.0
2026.06.12,두산에너빌리티,5.08,4,1,-31.7%,-,2.0
2026.06.12,한국전력,4.87,5,1,-44.6%,-,3.0
2026.06.15,LG이노텍,16.7,5,1,-21.0%,-,2.0
2026.06.15,삼성전기,16.63,4,1,-6.0%,-,2.0
2026.06.15,LS ELECTRIC,15.73,5,1,-70.9%,-,2.0
2026.06.15,삼성물산,14.58,6,3,-7.5%,-,3.0
2026.06.15,대한항공,12.78,6,2,🚀 +0.0%,1일,3.0
2026.06.15,LG,11.17,5,1,-28.6%,-,2.0
2026.06.15,효성중공업,11.14,6,1,-18.5%,-,3.0
2026.06.15,한국전력,9.96,6,2,-39.0%,-,3.0
2026.06.15,HD현대중공업,9.85,5,1,-4.2%,-,3.0
2026.06.15,HD현대,9.84,5,1,-13.7%,-,3.0
2026.06.15,삼성생명,9.73,4,2,-11.9%,-,2.0
2026.06.15,한화오션,9.49,6,2,-17.7%,-,3.0
2026.06.15,LIG디펜스앤에어로스페이스,9.46,5,1,-17.2%,-,2.0
2026.06.15,삼성E&A,9.45,5,1,-19.1%,-,2.0
2026.06.15,현대오토에버,9.06,4,1,-20.5%,-,3.0
2026.06.15,SK,8.94,4,1,-5.0%,-,2.0
2026.06.15,LS,8.54,4,1,-24.1%,-,2.0
2026.06.15,산일전기,8.42,6,2,-24.7%,-,3.0
2026.06.15,HD건설기계,8.35,6,1,-22.0%,-,3.0
2026.06.15,LG전자,7.98,4,1,-38.0%,-,2.0
2026.06.15,두산에너빌리티,7.2,5,2,-26.8%,-,3.0
2026.06.15,하나금융지주,6.86,6,2,🔥 -1.5%,-,3.0
2026.06.15,한진칼,6.84,7,1,-26.0%,-,4.0
2026.06.15,현대차2우B,6.64,5,1,-20.6%,-,2.0
2026.06.15,현대차,6.59,3,1,-13.7%,-,1.0
2026.06.15,삼성중공업,6.51,7,2,-16.7%,-,3.0
2026.06.15,SK하이닉스,6.42,4,1,-3.2%,-,3.0
2026.06.15,HMM,6.23,7,4,-13.1%,-,4.0
2026.06.15,SK이노베이션,6.22,4,1,-24.8%,-,2.0
2026.06.15,HD한국조선해양,6.03,6,2,-11.9%,-,3.0
2026.06.15,신한지주,6.02,5,1,🔥 -1.8%,-,2.0
2026.06.15,HD현대일렉트릭,5.66,7,4,-15.9%,-,4.0
2026.06.15,에이피알,5.58,7,1,-9.4%,-,3.0
2026.06.15,포스코퓨처엠,5.57,4,2,-28.9%,-,3.0
2026.06.15,대한전선,5.55,5,1,-44.7%,-,2.0
2026.06.15,현대모비스,5.44,5,4,-16.7%,-,4.0
2026.06.15,KB금융,5.21,6,2,🔥 -1.2%,-,3.0
2026.06.16,대우건설,19.87,6,1,-26.1%,-,3.0
2026.06.16,LIG디펜스앤에어로스페이스,18.58,6,2,🔥 -1.8%,-,3.0
2026.06.16,한화에어로스페이스,9.13,6,1,-23.0%,-,3.0
2026.06.16,한화솔루션,9.04,5,1,-27.9%,-,3.0
2026.06.16,포스코인터내셔널,9.02,5,1,-25.2%,-,2.0
2026.06.16,삼성E&A,8.83,6,2,-12.0%,-,3.0
2026.06.16,신세계,8.79,7,1,🚀 +0.0%,1일,3.0
2026.06.16,한화시스템,6.93,5,1,-34.6%,-,3.0
2026.06.16,현대로템,6.34,4,1,-15.8%,-,3.0
2026.06.16,SK스퀘어,6.23,6,1,🚀 +0.0%,2일,3.0
2026.06.16,키움증권,6.12,5,1,-21.3%,-,3.0
2026.06.16,한국항공우주,4.95,4,1,-23.3%,-,3.0
2026.06.16,GS,4.76,5,1,-3.5%,-,2.0
2026.06.16,한화오션,4.7,7,3,-13.8%,-,4.0
2026.06.16,한화,4.24,4,1,-17.0%,-,2.0
2026.06.16,SK,4.18,5,2,🔥 -1.0%,-,3.0
2026.06.16,SK하이닉스,4.11,5,2,🚀 +0.0%,1일,3.0
2026.06.16,HMM,3.99,8,5,-9.6%,-,5.0
2026.06.16,HD한국조선해양,3.91,7,3,-8.5%,-,4.0
2026.06.16,효성중공업,3.73,7,2,-15.4%,-,3.0
2026.06.16,삼성전자우,3.7,5,1,-3.2%,-,3.0
2026.06.16,두산에너빌리티,3.51,6,3,-24.3%,-,4.0
2026.06.16,이수페타시스,3.45,4,1,-23.8%,-,3.0
2026.06.16,고려아연,3.19,4,1,-38.9%,-,2.0
2026.06.16,기업은행,3.13,6,1,-19.1%,-,2.0
2026.06.16,현대모비스,3.13,6,5,-14.1%,-,5.0
2026.06.16,메리츠금융지주,2.79,5,1,-21.8%,-,2.0
2026.06.16,현대글로비스,2.54,4,1,-23.6%,-,3.0
2026.06.16,삼성전기,2.45,5,2,-3.7%,-,2.0
2026.06.16,LG이노텍,2.23,5,2,-19.2%,-,3.0
2026.06.16,KT,2.17,7,1,-17.9%,-,3.0
2026.06.17,SK스퀘어,6.33,6,2,🚀 +0.0%,3일,4.0
2026.06.17,SK하이닉스,5.84,6,3,🚀 +0.0%,2일,4.0
2026.06.17,하이브,5.61,6,1,-41.8%,-,2.0
2026.06.17,SK,5.2,5,3,🚀 +0.0%,1일,3.0
2026.06.17,크래프톤,4.22,5,1,-15.8%,-,2.0
2026.06.17,삼성생명,3.71,3,1,-6.9%,-,3.0
2026.06.17,한화에어로스페이스,3.47,7,2,-20.4%,-,3.0
2026.06.17,삼성중공업,3.02,7,1,-15.8%,-,3.0
2026.06.17,한화오션,3.02,8,4,-11.2%,-,4.0
2026.06.17,한화,2.95,5,2,-14.5%,-,2.0
2026.06.17,삼성바이오로직스,2.78,5,1,-28.7%,-,1.0
2026.06.17,대덕전자,2.53,7,1,-8.7%,-,3.0
2026.06.17,에이피알,2.25,7,1,-11.0%,-,2.0
2026.06.17,LS,2.12,4,1,-21.7%,-,2.0
2026.06.17,한국전력,1.76,7,1,-40.4%,-,3.0
2026.06.18,삼성전기,8.27,6,1,🚀 +0.0%,1일,3.0
2026.06.18,SK스퀘어,6.52,6,3,🚀 +0.0%,4일,4.0
2026.06.18,SK하이닉스,6.51,7,4,🚀 +0.0%,3일,4.0
2026.06.18,삼성생명,4.92,4,2,🔥 -2.3%,-,4.0
2026.06.18,삼성전자,4.62,3,1,🚀 +0.0%,1일,2.0
2026.06.18,삼성바이오로직스,4.38,5,2,-25.5%,-,2.0
2026.06.18,삼성화재,3.09,4,1,-4.1%,-,1.0
2026.06.18,LG이노텍,2.8,6,1,-16.1%,-,3.0
2026.06.19,LS ELECTRIC,7.02,3,1,-70.8%,-,2.0
2026.06.19,삼성SDI,6.32,3,1,-22.1%,-,1.0
2026.06.19,삼성생명,5.97,5,3,🚀 +0.0%,1일,4.0
2026.06.19,SK,5.39,5,1,🚀 +0.0%,1일,4.0
2026.06.19,현대글로비스,4.95,4,1,-23.4%,-,2.0
2026.06.19,SK스퀘어,4.71,7,4,🚀 +0.0%,5일,4.0
2026.06.19,효성중공업,4.39,6,1,-16.2%,-,3.0
2026.06.19,삼성전기,3.18,6,2,🚀 +0.0%,2일,4.0
2026.06.19,SK하이닉스,2.94,8,5,🚀 +0.0%,4일,5.0
2026.06.19,한화오션,2.64,7,1,-14.3%,-,4.0
2026.06.19,현대차,2.0,2,1,-18.3%,-,2.0
2026.06.19,에이피알,1.98,6,1,-16.0%,-,3.0
2026.06.19,NH투자증권,1.75,4,1,-18.4%,-,1.0
2026.06.19,한국타이어앤테크놀로지,1.68,5,1,-12.1%,-,1.0
2026.06.19,현대모비스,1.49,6,1,-20.3%,-,3.0
2026.06.19,크래프톤,1.47,4,1,-17.7%,-,2.0
2026.06.19,삼성물산,1.24,4,1,-8.1%,-,2.0
2026.06.19,LG에너지솔루션,1.13,3,1,-16.5%,-,1.0
2026.06.19,현대차2우B,0.42,4,1,-25.5%,-,2.0
2026.06.19,한국금융지주,0.22,3,1,-21.0%,-,1.0
2026.06.19,S-Oil,0.19,4,1,-25.5%,-,1.0
2026.06.19,신한지주,0.1,3,1,-6.1%,-,2.0
2026.06.19,삼성화재,0.0,4,2,-4.1%,-,2.0
2026.06.22,DB하이텍,11.47,4,1,-21.1%,-,2.0
2026.06.22,SK스퀘어,10.67,8,5,🚀 +0.0%,6일,5.0
2026.06.22,LG전자,7.57,3,1,-42.0%,-,1.0
2026.06.22,삼성물산,5.8,5,2,🔥 -2.8%,-,2.0
2026.06.22,SK하이닉스,5.61,8,6,🚀 +0.0%,5일,5.0
2026.06.22,LG씨엔에스,4.31,1,1,-37.7%,-,1.0
2026.06.22,대우건설,2.59,4,1,-41.3%,-,2.0
2026.06.22,삼성E&A,2.57,4,1,-22.5%,-,2.0
2026.06.22,이수페타시스,2.43,5,1,-27.0%,-,2.0
2026.06.22,한미반도체,2.2,5,1,-26.4%,-,1.0
2026.06.22,S-Oil,1.61,4,2,-24.3%,-,2.0
2026.06.22,한국항공우주,1.43,4,1,-26.4%,-,2.0
2026.06.22,LG,0.92,3,1,-33.7%,-,1.0
2026.06.22,삼성전자우,0.9,4,1,-3.2%,-,2.0
2026.06.22,SK,0.83,6,2,🚀 +0.0%,2일,4.0
2026.06.23,신한지주,0.21,4,1,-9.1%,-,2.0
2026.06.23,KT,0.19,4,1,-23.9%,-,1.0
2026.06.23,삼양식품,0.19,3,1,-25.8%,-,1.0
2026.06.23,메리츠금융지주,-1.04,3,1,-28.5%,-,1.0
2026.06.23,KT&G,-1.32,2,1,-8.7%,-,1.0
2026.06.23,우리금융지주,-1.34,3,1,-27.8%,-,1.0
2026.06.23,기업은행,-1.46,3,1,-29.1%,-,1.0
2026.06.23,크래프톤,-1.56,4,1,-24.5%,-,3.0
2026.06.23,DB손해보험,-1.63,3,1,-32.4%,-,1.0
2026.06.23,삼성바이오로직스,-1.7,4,1,-29.6%,-,3.0
2026.06.23,KB금융,-2.1,4,1,-10.6%,-,1.0
2026.06.23,HD현대마린솔루션,-2.39,3,1,-27.1%,-,1.0
2026.06.23,산일전기,-3.27,4,1,-33.4%,-,1.0
2026.06.23,SK,-3.42,7,3,-3.4%,-,4.0
2026.06.23,하나금융지주,-3.51,4,1,-12.5%,-,1.0
2026.06.23,카카오뱅크,-3.57,2,1,-29.4%,-,1.0
2026.06.23,한진칼,-3.69,4,1,-36.6%,-,1.0
2026.06.23,대한항공,-4.25,4,1,-13.7%,-,1.0
2026.06.23,한국타이어앤테크놀로지,-4.5,4,1,-18.8%,-,2.0
2026.06.23,SK텔레콤,-4.56,2,1,-28.2%,-,1.0
2026.06.23,LIG디펜스앤에어로스페이스,-4.6,4,1,-20.7%,-,1.0
2026.06.23,키움증권,-4.6,4,1,-35.1%,-,1.0
2026.06.23,한국전력,-4.61,5,1,-43.6%,-,2.0
2026.06.23,한화에어로스페이스,-4.62,5,1,-30.2%,-,2.0
2026.06.23,에이피알,-4.69,5,1,-22.5%,-,3.0
2026.06.23,셀트리온,-4.75,2,1,-35.4%,-,1.0
2026.06.23,현대로템,-4.86,4,1,-28.0%,-,1.0
2026.06.23,HMM,-4.91,6,1,-24.1%,-,1.0
2026.06.23,LS ELECTRIC,-5.1,4,1,-73.8%,-,2.0
2026.06.23,S-Oil,-5.14,5,3,-28.2%,-,3.0
2026.06.23,삼성증권,-5.26,3,1,-27.8%,-,1.0
2026.06.23,두산에너빌리티,-5.31,5,1,-34.6%,-,1.0
2026.06.23,포스코인터내셔널,-5.45,3,1,-42.4%,-,1.0
2026.06.23,고려아연,-5.49,3,1,-48.7%,-,1.0
2026.06.23,한국항공우주,-5.52,5,2,-30.5%,-,2.0
2026.06.23,삼성생명,-5.66,6,1,-14.5%,-,4.0
2026.06.23,삼성화재,-5.69,4,1,-11.5%,-,3.0
2026.06.23,효성중공업,-5.69,5,1,-21.4%,-,2.0
2026.06.23,HD현대,-5.8,4,1,-32.0%,-,1.0
2026.06.23,한국금융지주,-5.88,4,1,-28.9%,-,2.0
2026.06.23,LG에너지솔루션,-6.1,3,1,-25.3%,-,2.0
2026.06.23,두산,-6.13,4,1,-30.5%,-,1.0
2026.06.23,한화,-6.28,4,1,-29.8%,-,2.0
2026.06.23,SK이노베이션,-6.49,3,1,-37.4%,-,1.0
2026.06.23,NH투자증권,-6.66,4,1,-26.7%,-,2.0
2026.06.23,카카오,-6.93,4,1,-45.0%,-,1.0
2026.06.23,대한전선,-6.97,3,1,-52.0%,-,1.0
2026.06.23,SK스퀘어,-7.01,8,6,-7.0%,-,5.0
2026.06.23,POSCO홀딩스,-7.07,3,1,-39.8%,-,1.0
2026.06.23,삼성에피스홀딩스,-7.15,3,1,-43.8%,-,1.0
2026.06.23,삼성중공업,-7.25,5,1,-29.4%,-,2.0
2026.06.23,HD현대중공업,-7.55,4,1,-21.1%,-,1.0
2026.06.23,삼성에스디에스,-8.11,2,1,-47.1%,-,1.0
2026.06.23,HD현대일렉트릭,-8.13,5,1,-33.2%,-,1.0
2026.06.23,LS,-8.25,4,1,-34.6%,-,2.0
2026.06.23,HD한국조선해양,-8.3,5,1,-23.9%,-,1.0
2026.06.23,이수페타시스,-8.31,5,2,-33.0%,-,2.0
2026.06.23,현대글로비스,-8.38,5,1,-35.7%,-,2.0
2026.06.23,하이브,-8.4,4,1,-51.8%,-,2.0
2026.06.23,한화시스템,-8.49,4,1,-49.7%,-,1.0
2026.06.23,미래에셋증권,-8.57,2,1,-49.7%,-,1.0
2026.06.23,NAVER,-8.78,2,1,-29.4%,-,1.0
2026.06.23,현대차2우B,-8.92,4,1,-33.7%,-,2.0
2026.06.23,기아,-9.25,3,1,-33.3%,-,1.0
2026.06.23,대덕전자,-9.42,5,1,-26.5%,-,2.0
2026.06.23,삼성전자우,-9.6,5,2,-12.5%,-,2.0
2026.06.23,LG화학,-9.75,3,1,-32.1%,-,1.0
2026.06.23,현대건설,-9.94,3,1,-39.0%,-,1.0
2026.06.23,포스코퓨처엠,-9.95,4,1,-41.6%,-,1.0
2026.06.24,삼성에피스홀딩스,11.23,3,2,-37.4%,-,2.0
2026.06.24,삼성전자,9.84,3,1,-6.1%,-,2.0
2026.06.24,삼성바이오로직스,8.8,4,2,-23.4%,-,3.0
2026.06.24,셀트리온,7.6,2,2,-30.5%,-,2.0
2026.06.24,HD현대마린솔루션,7.09,3,2,-21.9%,-,2.0
2026.06.24,삼성물산,5.82,6,1,-10.0%,-,3.0
2026.06.24,S-Oil,5.71,5,4,-24.1%,-,4.0
2026.06.24,대한항공,5.6,4,2,-8.8%,-,2.0
2026.06.24,삼성전자우,5.43,6,3,-7.8%,-,3.0
2026.06.24,SK바이오팜,5.35,4,1,-28.3%,-,2.0
2026.06.24,SK이노베이션,5.02,3,2,-34.3%,-,2.0
2026.06.24,삼양식품,4.66,3,2,-22.3%,-,2.0
2026.06.24,한미반도체,4.65,4,1,-34.1%,-,2.0
2026.06.24,에이피알,4.36,5,2,-19.2%,-,3.0
2026.06.24,삼성SDI,4.26,3,1,-31.3%,-,2.0
2026.06.24,한진칼,4.01,4,2,-34.1%,-,2.0
2026.06.25,SK,20.51,7,1,🚀 +0.0%,1일,4.0
2026.06.25,SK하이닉스,13.06,7,1,🔥 -0.1%,-,3.0
2026.06.25,삼성전자우,10.07,6,4,🚀 +0.0%,1일,4.0
2026.06.25,신세계,8.18,4,1,-3.4%,-,3.0
2026.06.25,삼성물산,7.79,6,2,🔥 -3.0%,-,4.0
2026.06.25,키움증권,7.48,4,1,-31.9%,-,2.0
2026.06.25,대한항공,6.4,5,3,🔥 -3.0%,-,3.0
2026.06.25,한진칼,6.05,4,3,-30.1%,-,3.0
2026.06.25,한국전력,5.58,5,1,-39.7%,-,2.0
2026.06.25,SK스퀘어,5.56,8,1,-3.6%,-,4.0
2026.06.26,한국타이어앤테크놀로지,3.51,3,1,-18.3%,-,2.0
2026.06.26,KT,0.38,3,1,-24.2%,-,2.0
2026.06.26,DB하이텍,0.19,3,1,-28.2%,-,2.0
2026.06.26,신세계,-0.13,5,2,-3.5%,-,4.0
2026.06.26,삼성전기,-0.2,5,1,-12.2%,-,1.0
2026.06.26,삼성에스디에스,-0.37,2,1,-47.5%,-,2.0
2026.06.26,한국항공우주,-0.42,4,1,-29.9%,-,3.0
2026.06.26,LG,-0.8,3,1,-40.5%,-,2.0
2026.06.26,SK텔레콤,-0.88,2,1,-27.6%,-,2.0
2026.06.26,기업은행,-1.45,3,1,-31.1%,-,2.0
2026.06.26,이수페타시스,-1.64,4,1,-33.2%,-,3.0
2026.06.26,NAVER,-1.65,2,1,-31.6%,-,2.0
2026.06.26,KB금융,-1.71,3,1,-13.2%,-,2.0
2026.06.26,메리츠금융지주,-1.76,3,1,-31.2%,-,2.0
2026.06.26,KT&G,-1.82,2,1,-11.4%,-,2.0
2026.06.26,HMM,-1.88,4,1,-25.3%,-,2.0
2026.06.26,크래프톤,-1.92,4,1,-30.5%,-,2.0
2026.06.26,삼성화재,-2.3,4,1,-12.9%,-,2.0
2026.06.26,LG이노텍,-2.31,4,1,-39.2%,-,1.0
2026.06.26,우리금융지주,-2.41,2,1,-30.5%,-,2.0
2026.06.26,삼양식품,-2.8,3,1,-23.1%,-,3.0
2026.06.26,기아,-3.01,2,1,-34.3%,-,2.0
2026.06.26,신한지주,-3.07,4,1,-14.8%,-,2.0
2026.06.26,삼성에피스홀딩스,-3.07,3,1,-37.4%,-,3.0
2026.06.26,HD현대중공업,-3.09,3,1,-24.3%,-,2.0
2026.06.26,삼성바이오로직스,-3.1,5,1,-25.0%,-,3.0
2026.06.26,카카오,-3.21,2,1,-46.8%,-,2.0
2026.06.26,삼성생명,-3.24,6,1,-13.0%,-,2.0
2026.06.26,DB손해보험,-3.31,2,1,-36.0%,-,2.0
2026.06.26,삼성중공업,-3.36,4,1,-33.1%,-,2.0
2026.06.26,카카오뱅크,-3.42,2,1,-31.2%,-,2.0
2026.06.26,LG전자,-3.5,3,1,-50.1%,-,2.0
2026.06.26,대한항공,-3.61,5,4,-6.5%,-,4.0
2026.06.26,하나금융지주,-3.77,3,1,-16.9%,-,2.0
2026.06.26,현대차2우B,-3.87,4,1,-34.8%,-,2.0
2026.06.26,삼성E&A,-4.05,4,1,-35.6%,-,2.0
2026.06.26,현대글로비스,-4.09,4,1,-37.9%,-,2.0
2026.06.26,LG씨엔에스,-4.09,2,1,-47.7%,-,2.0
2026.06.26,셀트리온,-4.16,3,1,-33.2%,-,3.0
2026.06.26,두산,-4.38,2,1,-34.5%,-,2.0
2026.06.26,한국전력,-4.38,5,2,-42.3%,-,3.0
2026.06.26,HD현대마린솔루션,-4.42,3,1,-22.8%,-,3.0
2026.06.26,현대차,-4.47,3,1,-35.9%,-,1.0
2026.06.26,한진칼,-4.71,5,4,-33.4%,-,4.0
2026.06.26,에이피알,-4.72,6,1,-20.9%,-,3.0
2026.06.26,삼성물산,-4.72,6,3,-7.6%,-,4.0
2026.06.26,NH투자증권,-4.81,3,1,-29.3%,-,2.0
2026.06.26,HD현대,-4.84,3,1,-37.9%,-,2.0
2026.06.26,고려아연,-4.86,3,1,-50.1%,-,2.0
2026.06.26,SK,-5.01,8,2,-5.0%,-,4.0
2026.06.26,LG화학,-5.08,2,1,-36.9%,-,2.0
2026.06.26,S-Oil,-5.09,5,1,-34.0%,-,4.0
2026.06.26,LIG디펜스앤에어로스페이스,-5.16,4,1,-27.9%,-,2.0
2026.06.26,현대모비스,-5.17,4,1,-36.7%,-,1.0
2026.06.26,SK이노베이션,-5.19,4,1,-40.3%,-,3.0
2026.06.26,하이브,-5.27,3,1,-56.0%,-,2.0
2026.06.26,삼성전자,-5.3,3,1,-6.3%,-,2.0
2026.06.26,효성중공업,-5.4,5,1,-32.6%,-,2.0
2026.06.26,삼성SDI,-5.41,3,1,-36.1%,-,2.0
2026.06.26,한화에어로스페이스,-5.43,4,1,-34.2%,-,2.0
2026.06.26,한화,-5.52,4,1,-33.1%,-,2.0
2026.06.26,POSCO홀딩스,-5.57,2,1,-43.0%,-,2.0
2026.06.26,HD한국조선해양,-5.6,4,1,-27.9%,-,2.0
2026.06.26,포스코퓨처엠,-5.64,3,1,-45.7%,-,2.0
2026.06.26,한미반도체,-5.68,3,1,-37.1%,-,3.0
2026.06.26,포스코인터내셔널,-5.68,3,1,-47.7%,-,2.0
2026.06.29,LG에너지솔루션,20.81,3,1,-17.3%,-,2.0
2026.06.29,포스코퓨처엠,16.81,3,2,-36.6%,-,3.0
2026.06.29,삼성E&A,14.96,4,2,-26.0%,-,2.0
2026.06.29,LG화학,13.65,3,2,-28.3%,-,3.0
2026.06.29,포스코인터내셔널,12.6,4,2,-41.1%,-,3.0
2026.06.29,삼성SDI,12.53,4,2,-28.1%,-,3.0
2026.06.29,현대건설,12.39,2,1,-38.5%,-,2.0
2026.06.29,S-Oil,11.27,6,2,-26.6%,-,4.0
2026.06.29,대한전선,11.13,2,1,-52.4%,-,2.0
2026.06.29,LS ELECTRIC,10.34,3,1,-74.7%,-,2.0
2026.06.29,SK이노베이션,9.94,4,2,-34.3%,-,4.0
2026.06.29,SK바이오팜,9.89,4,1,-24.0%,-,3.0
2026.06.29,삼성에피스홀딩스,9.85,4,2,-31.2%,-,4.0
2026.06.29,하이브,9.84,4,2,-51.7%,-,3.0
2026.06.29,크래프톤,9.56,5,2,-23.9%,-,3.0
2026.06.29,POSCO홀딩스,9.18,3,2,-37.8%,-,3.0
2026.06.29,한국금융지주,9.0,3,1,-25.5%,-,2.0
2026.06.29,대우건설,8.91,3,1,-46.7%,-,1.0
2026.06.29,현대로템,8.89,3,1,-31.3%,-,2.0
2026.06.29,두산에너빌리티,8.51,3,1,-35.5%,-,2.0
2026.06.29,미래에셋증권,8.2,2,1,-48.0%,-,2.0
2026.06.29,카카오,8.14,3,2,-42.5%,-,3.0
2026.06.29,셀트리온,8.02,4,2,-27.9%,-,4.0
2026.06.29,키움증권,7.99,4,1,-33.2%,-,3.0
2026.06.29,삼성바이오로직스,7.82,6,2,-18.6%,-,4.0
2026.06.29,한화오션,7.65,4,1,-29.6%,-,1.0
2026.06.29,LS,7.34,3,1,-35.2%,-,2.0
2026.06.29,카카오뱅크,7.09,3,2,-26.3%,-,3.0
2026.06.29,고려아연,6.53,4,2,-46.8%,-,3.0
2026.06.29,에이피알,6.34,6,2,-15.9%,-,4.0
2026.06.29,삼성중공업,6.3,4,2,-28.9%,-,3.0
2026.06.29,한국항공우주,6.21,5,2,-25.5%,-,3.0
2026.06.29,HD현대일렉트릭,6.12,2,1,-34.0%,-,2.0
2026.06.29,삼성증권,5.68,2,1,-26.6%,-,2.0
2026.06.29,효성중공업,5.51,5,2,-28.8%,-,3.0
2026.06.29,LG씨엔에스,5.46,3,2,-44.9%,-,2.0
2026.06.29,HD현대,5.35,3,2,-34.6%,-,3.0
2026.06.29,한화시스템,5.3,3,1,-52.4%,-,2.0
2026.06.29,신한지주,5.24,4,2,-10.3%,-,3.0
2026.06.29,NH투자증권,5.23,4,2,-25.6%,-,3.0
2026.06.29,HD한국조선해양,5.21,4,2,-24.1%,-,3.0
2026.06.29,한국타이어앤테크놀로지,5.0,4,2,-14.2%,-,3.0
2026.06.29,HMM,4.97,4,2,-21.6%,-,3.0
2026.06.29,HD현대중공업,4.96,3,2,-20.5%,-,3.0
2026.06.29,현대글로비스,4.88,5,2,-34.9%,-,3.0
2026.06.29,현대오토에버,4.73,1,1,-43.4%,-,1.0
2026.06.29,하나금융지주,4.65,3,2,-13.0%,-,3.0
2026.06.29,삼성에스디에스,4.63,3,2,-45.1%,-,3.0
2026.06.29,삼양식품,4.41,4,2,-19.7%,-,4.0
2026.06.29,기아,3.92,3,2,-31.7%,-,3.0
2026.06.29,NAVER,3.87,3,2,-28.9%,-,3.0
2026.06.29,메리츠금융지주,3.48,4,2,-28.8%,-,3.0
2026.06.29,현대차,3.43,3,2,-33.7%,-,2.0
2026.06.29,DB손해보험,3.19,3,2,-34.0%,-,3.0
2026.06.29,현대모비스,3.19,4,2,-34.6%,-,2.0
2026.06.29,한화,3.17,5,2,-31.0%,-,3.0
2026.06.29,KT&G,3.17,3,2,-8.6%,-,3.0
2026.06.29,한국전력,3.1,5,3,-40.5%,-,4.0
2026.06.29,HD현대마린솔루션,3.0,4,2,-20.5%,-,4.0
2026.06.29,KB금융,2.95,3,2,-10.6%,-,3.0
2026.06.29,우리금융지주,2.65,3,2,-28.7%,-,3.0
2026.06.29,현대차2우B,2.61,4,2,-33.1%,-,3.0
2026.06.29,산일전기,2.56,2,1,-33.9%,-,2.0
2026.06.29,두산,2.5,3,2,-32.9%,-,3.0
2026.06.29,기업은행,2.49,4,2,-29.4%,-,3.0
2026.06.29,삼성전기,2.26,5,2,-10.2%,-,2.0
2026.06.29,LG,2.23,3,2,-39.2%,-,2.0
2026.06.29,이수페타시스,1.76,5,2,-32.0%,-,3.0
2026.06.29,한진칼,1.65,5,5,-32.3%,-,5.0
2026.06.29,LIG디펜스앤에어로스페이스,1.36,4,2,-27.0%,-,3.0
2026.06.29,대한항공,1.07,5,5,-5.5%,-,5.0
2026.06.29,KT,0.96,4,2,-23.5%,-,3.0
2026.06.29,한화에어로스페이스,0.89,5,2,-33.6%,-,3.0
2026.06.29,LG전자,0.41,3,2,-49.9%,-,2.0
2026.06.29,한미반도체,0.19,4,2,-37.0%,-,3.0
2026.06.30,대덕전자,16.28,4,1,-19.5%,-,2.0
2026.06.30,산일전기,8.16,3,2,-28.5%,-,2.0
2026.06.30,LG이노텍,7.21,3,1,-35.9%,-,2.0
2026.06.30,삼성전기,7.16,5,3,-3.8%,-,3.0
2026.06.30,LS ELECTRIC,6.25,4,2,-73.1%,-,2.0
2026.06.30,SK,6.24,7,1,🔥 -2.8%,-,3.0
2026.06.30,크래프톤,5.59,6,3,-19.6%,-,3.0
2026.06.30,이수페타시스,5.2,5,3,-28.5%,-,3.0
2026.06.30,효성중공업,5.01,5,3,-25.3%,-,3.0
2026.06.30,HD현대일렉트릭,3.74,3,2,-31.5%,-,2.0
2026.06.30,키움증권,3.63,4,2,-30.8%,-,3.0
2026.06.30,신세계,3.57,5,1,🔥 -1.6%,-,3.0
2026.06.30,SK스퀘어,3.48,7,1,-13.9%,-,2.0
2026.06.30,KB금융,3.45,4,3,-7.6%,-,3.0
2026.06.30,삼성전자,3.41,4,1,-7.9%,-,3.0
2026.06.30,LG전자,3.2,4,3,-48.3%,-,3.0
2026.06.30,S-Oil,2.6,7,3,-24.7%,-,4.0
2026.06.30,LS,1.95,4,2,-33.9%,-,2.0
2026.06.30,메리츠금융지주,1.44,4,3,-27.8%,-,3.0
2026.06.30,한국금융지주,1.38,4,2,-24.4%,-,2.0
